{"walls":[[3.3125,12.59375,4.53125,13.46875,5.9375,12.65625,7.6875,12.71875,7.75,9.625,5.625,9.25,4.625,7.4375,3.5,7.5625,3.9375,9.34375,3.25,10.65625],[1.375,1.71875,3.125,1.71875,4.65625,2.71875,4.90625,4.53125,6.3125,4.90625,7.46875,3.25,8.5625,1.71875,11.90625,1.84375,13.5625,4.375,15.5625,4.65625,18.40625,4.1875,19.09375,2.90625,20.34375,3.0,20.53125,4.15625,20.5625,8.0,19.75,9.78125,18.8125,10.21875,19.0625,11.53125,22.09375,11.4375,23.5,9.75,23.0,7.90625,23.9375,6.5,24.53125,3.8125,23.34375,2.4375,25.03125,0.875,28.71875,1.09375,29.25,2.875,31.78125,2.90625,31.78125,0.0625,0.65625,0.15625,0.5625,1.5625],[0.53125,16.53125,3.75,16.65625,7.46875,16.21875,9.4375,16.21875,11.21875,13.53125,10.5,9.96875,11.53125,9.15625,13.5,9.59375,14.0625,11.78125,16.03125,12.25,16.625,14.3125,15.71875,15.34375,16.21875,15.96875,17.5625,15.5,19.21875,15.78125,22.5,15.84375,24.40625,16.125,27.34375,17.34375,28.875,15.96875,27.875,14.40625,26.125,12.75,27.125,10.09375,29.59375,10.1875,31.65625,10.3125,31.625,17.71875,0.875,17.6875]],"OT":["DESTRUCTIBLE_WALL","DESTRUCTIBLE_WALL","GOAL"],"objectPos":[21.03125,14.9375,20.96875,12.40625,30.09375,7.21875],"ET":["ARMORED_ENEMY","ARMORED_ENEMY","ARMORED_ENEMY","ARMORED_ENEMY"],"enemyPos":[15.6875,9.84375,18.53125,7.40625,15.96875,6.28125,13.09375,7.125],"octT":["EXPLODER","TELEPORTER","FLYER"],"octopusPos":[1.375,14.75,1.34375,9.875,1.25,5.625]}