{"walls":[[0.3125,17.21875,1.84375,15.84375,2.5625,13.75,3.78125,13.15625,6.125,14.3125,7.5,13.15625,6.375,12.34375,4.46875,12.0625,3.8125,11.4375,8.25,11.5,8.40625,10.96875,10.53125,11.6875,12.78125,10.09375,13.40625,10.625,11.71875,12.5625,10.90625,13.90625,11.75,15.375,14.4375,16.59375,15.5625,15.0,17.4375,15.4375,18.71875,13.3125,18.25,12.21875,19.15625,11.28125,18.21875,8.40625,19.34375,6.625,21.625,5.75,21.53125,4.4375,23.3125,4.1875,23.53125,5.21875,25.125,5.5625,25.5,6.59375,24.40625,8.5,22.75,9.96875,22.0,11.96875,23.0625,12.28125,23.125,13.9375,22.25,15.59375,24.71875,16.59375,27.0625,17.375,28.84375,16.9375,31.625,17.5625,0.71875,17.6875],[6.53125,0.125,7.1875,1.53125,8.9375,1.46875,8.9375,2.65625,6.25,3.1875,4.375,2.78125,4.6875,3.96875,6.90625,4.90625,5.90625,6.0,3.8125,6.65625,3.90625,7.625,8.15625,7.78125,12.4375,7.03125,16.40625,4.8125,16.125,3.21875,17.6875,2.21875,17.71875,1.21875,22.53125,0.9375,24.78125,1.59375,28.46875,1.25,29.25,3.84375,29.6875,8.0,28.21875,8.9375,28.25,11.09375,27.5,12.46875,29.0625,13.34375,31.875,13.28125,31.75,0.09375,7.65625,0.15625]],"OT":["GOAL","DESTRUCTIBLE_WALL","DESTRUCTIBLE_WALL"],"objectPos":[30.125,15.125,7.0625,8.34375,7.0625,10.90625],"ET":["ARMORED_ENEMY","ARMORED_ENEMY"],"enemyPos":[17.1875,6.25,24.5625,14.21875],"octT":["EXPLODER","FLYER","EXPLODER"],"octopusPos":[1.28125,11.125,3.84375,9.46875,1.25,7.625]}