{"walls":[[4.4375,17.71875,5.8125,16.40625,4.65625,15.09375,4.78125,13.9375,6.84375,12.53125,8.1875,12.21875,8.0625,10.15625,6.15625,9.9375,4.40625,10.28125,2.03125,10.15625,0.84375,7.90625,1.46875,7.8125,0.9375,5.875,1.78125,2.59375,3.96875,2.59375,6.21875,1.125,9.90625,1.0625,12.40625,0.25,0.09375,0.09375,0.09375,17.625],[17.9375,17.59375,18.625,15.84375,18.34375,13.875,19.5,12.5625,19.8125,10.875,17.53125,10.21875,16.1875,11.0625,14.59375,12.6875,14.8125,13.59375,11.71875,13.25,11.46875,11.4375,13.46875,10.96875,14.625,9.28125,14.3125,7.46875,13.65625,6.8125,11.3125,6.0625,10.15625,6.09375,7.96875,6.03125,6.78125,5.71875,5.15625,6.875,3.625,6.3125,4.78125,5.0,6.25,4.53125,7.40625,3.75,9.9375,4.34375,11.0625,4.40625,11.78125,3.71875,12.71875,5.40625,13.84375,5.53125,14.625,4.875,14.84375,4.15625,15.8125,4.71875,16.75,7.25,18.03125,7.1875,18.90625,6.65625,19.40625,4.8125,22.84375,5.15625,23.59375,6.40625,28.125,6.40625,29.53125,7.9375,31.71875,7.96875,31.65625,17.6875]],"OT":["GOAL"],"objectPos":[29.5,2.59375],"ET":["ARMORED_ENEMY","ARMORED_ENEMY"],"enemyPos":[10.09375,8.5625,21.375,2.25],"octT":["FLYER","TELEPORTER","EXPLODER"],"octopusPos":[8.1875,16.25,11.21875,16.40625,14.40625,16.40625]}