{"level": 1,
"ball_start": [5.625,3.09375],
"ball_goal": [22.78125,2.78125],
"walls": [
[0.0, 0.0, 32.0, 0.0, 32.0, 18.0, 0.0, 18.0, 0.0, 17.0, 31.0, 17.0, 31.0, 1.0, 1.0, 1.0, 1.0, 17.0, 0.0, 17.0],
[20.75, 11.96875, 20.75, 4.78125, 25.15625, 4.78125, 25.15625, 0.0, 31.53125, 0.0, 31.53125, 17.78125, 20.75, 17.78125, 20.75, 10.6875],
  [15.875, 0.0, 17.0, 0.0, 17.0, 8.5, 14.78125, 8.5, 14.78125, 0.0],
  [7.28125, 12.46875, 7.28125, 5.78125, 10.9375, 5.78125, 10.9375, 12.46875],
  [4.0625, 0.0, 4.0625, 17.5, 0.71875, 17.5, 0.71875, 0.0, 4.0625, 0.0],
  [20.75, 12.125, 14.75, 12.125, 14.75, 17.59375, 20.75, 17.59375, 20.75, 12.03125]
],
"guard_positions": [
[18.65625,6.4375]
],
"guard_patrols": [
[18.65625, 6.4375, 18.59375, 2.6875]
]

}