{"level": 11,
"par": 3,
"ball_start": [24.375,5.375],
"ball_goal": [21.5625,15.15625],
"walls": [
[0.0, 0.0, 32.0, 0.0, 32.0, 18.0, 0.0, 18.0, 0.0, 17.0, 31.0, 17.0, 31.0, 1.0, 1.0, 1.0, 1.0, 17.0, 0.0, 17.0],
[22.3125, 17.0, 23.125, 16.1875, 23.125, 14.46875, 22.28125, 13.84375, 22.3125, 13.03125, 31.34375, 13.03125, 31.34375, 17.0],
[22.5625, 13.84375, 17.15625, 13.84375, 17.15625, 12.71875, 31.1875, 12.71875, 31.1875, 13.84375],
[17.15625, 0.96875, 17.15625, 4.375, 17.875, 4.375, 17.875, 0.96875],
[14.75, 0.96875, 14.75, 4.375, 10.53125, 4.375, 10.53125, 0.96875],
[17.15625, 12.71875, 17.15625, 6.21875, 17.90625, 6.21875, 17.90625, 12.71875],
[14.71875, 6.34375, 14.71875, 13.84375, 10.59375, 13.84375, 10.59375, 6.34375],
[8.21875, 0.96875, 8.21875, 4.4375, 0.6875, 4.4375, 0.6875, 0.96875],
[8.15625, 6.34375, 8.15625, 13.90625, 5.0625, 13.90625, 5.0625, 6.34375],
[4.03125, 4.09375, 1.96875, 6.4375, 1.96875, 14.0, 5.28125, 17.28125, 0.5625, 17.28125, 0.5625, 4.09375],
[17.71875, 6.25, 25.1875, 6.25, 25.5625, 5.75, 25.5625, 5.0625, 25.28125, 4.5625, 17.15625, 4.5625, 17.15625, 1.03125, 31.0625, 1.03125, 31.0625, 12.8125, 17.71875, 12.8125]
],
"guard_positions": [
[16.0625,13.28125],
[9.3125,2.65625]
],
"guard_patrols": [
[16.0625, 13.28125, 16.03125, 2.09375],
[9.3125, 2.65625, 9.34375, 13.6875]
],
"alarms": [
[16.0,15.21875]
],
"doors": [
],
"buttons": [
]

}