{"level": 1,
"ball_start": [2.375,15.96875],
"ball_goal": [3.09375,8.5],
"walls": [
[0.0, 0.0, 32.0, 0.0, 32.0, 18.0, 0.0, 18.0, 0.0, 17.0, 3.0, 17.0,5.0,15.0,9.0,15.0,9.0,17.0,20.0,17.0,20.0,15.0,21.0,15.0,23.0,17.0,29.0,17.0,31.0,15.0,31.0,3.0,29.0,1.0,25.0,1.0,25.0,2.0,21.0,2.0,21.0,1.0,5.0,1.0,5.0,4.0,1.0,4.0,1.0,10.0,5.0,10.0,5.0,7.0,4.0,7.0,4.0,6.5,6.0,6.5,6.0,8.0,21.0,8.0,21.0,4.0,22.0,4.0,24.0,5.0,27.0,5.0,27.0,3.0,27.5,3.0,27.5,5.0,29.0,5.0,29.0,13.0,28.5,13.0,28.5,8.0,25.0,6.0,22.0,6.0,22.0,13.0,20.0,13.0,20.0,10.0,9.0,10.0,9.0,12.0,5.0,12.0,3.0,14.0,1.0,14.0,1.0,17.0,0.0,17.0],
  [12.5,13.5,14.5,14.5,16.5,13.5,14.5,12.5]


],
"guard_positions": [
[19.09375,14.125],
[7.8125,2.65625],
[13.28125,7.34375],
[28.15625,15.21875]
],
"guard_patrols": [
[9.5,13.5,14.5,16.5,19.5,13.5,14.5,10.5],
[7.8125, 2.65625, 7.90625, 7.1625, 18.65625, 7.13125],
[13.28125, 7.34375, 13.125, 1.96875],
[27.15625, 15.21875, 27.09375, 9.875]
],
"alarms": [
[22.75,7.5]
]

}