{"level": 10,
"par": 3,
"ball_start": [4.75,5.34375],
"ball_goal": [24.375,10.78125],
"walls": [
[0.0, 0.0, 32.0, 0.0, 32.0, 18.0, 0.0, 18.0, 0.0, 17.0, 31.0, 17.0, 31.0, 1.0, 1.0, 1.0, 1.0, 17.0, 0.0, 17.0],
[3.65625, 0.84375, 3.65625, 9.5625, 5.40625, 13.40625, 7.75, 15.25, 14.5, 16.40625, 31.40625, 16.40625, 31.40625, 17.34375, 0.875, 17.34375, 0.875, 0.84375],
[16.0, 16.625, 17.34375, 12.09375, 18.25, 16.65625],
[6.5, 0.8125, 6.5, 8.53125, 7.0, 8.53125, 7.625, 4.46875, 9.875, 2.25, 16.90625, 0.90625, 6.5, 0.90625],
[6.53125, 8.5625, 5.78125, 8.5625, 5.78125, 0.78125, 6.53125, 0.78125],
[3.40625, 4.5, 6.0, 4.5, 6.0, 0.8125, 3.40625, 0.8125],
[13.4375, 11.28125, 16.4375, 7.09375, 16.78125, 7.40625, 13.59375, 11.78125],
[11.53125, 9.1875, 12.96875, 3.9375, 13.46875, 4.03125, 11.875, 9.375],
[22.03125, 16.5, 25.75, 15.375, 27.03125, 14.28125, 27.96875, 12.90625, 28.375, 11.6875, 28.375, 10.03125, 27.78125, 8.875, 26.5, 7.40625, 24.8125, 6.5, 22.53125, 5.53125, 22.53125, 0.90625, 31.125, 0.90625, 31.125, 16.5],
[22.625, 5.5625, 20.875, 1.03125, 22.625, 1.03125]
],
"guard_positions": [
[20.25,2.65625],
[20.21875,7.40625],
[20.21875,12.53125]
],
"guard_patrols": [
[20.25, 2.65625, 20.53125, 15.71875],
[20.21875, 7.40625, 20.375, 15.8125, 20.1875, 1.5],
[20.21875, 12.53125, 20.3125, 15.9375, 20.1875, 1.875]
],
"alarms": [
[4.71875,7.8125]
],
"doors": [
],
"buttons": [
]

}