{"level": 1,
"ball_start": [3.84375,12.5],
"ball_goal": [3.9375,5.78125],
"walls": [
[0.0, 0.0, 32.0, 0.0, 32.0, 18.0, 0.0, 18.0, 0.0, 17.0, 31.0, 17.0, 31.0, 1.0, 1.0, 1.0, 1.0, 17.0, 0.0, 17.0],
[1.0, 9.84375, 7.25, 9.84375, 7.25, 12.9375, 18.4375, 12.9375, 18.4375, 10.40625, 16.0625, 10.40625, 16.0625, 11.46875, 9.125, 11.46875, 9.125, 6.6875, 16.21875, 6.6875, 16.21875, 8.0625, 18.5, 8.0625, 18.5, 5.40625, 7.28125, 5.40625, 7.28125, 8.0, 1.0, 8.0, 1.0, 9.75],
[18.4375, 11.75, 27.625, 11.75, 27.625, 5.3125, 25.90625, 5.3125, 25.90625, 10.40625, 18.4375, 10.40625]
],
"guard_positions": [
[9.59375,3.21875],
[29.59375,14.03125]
],
"guard_patrols": [
[9.79375, 3.21875],
[29.59375, 13.03125]
],
"alarms": [
[11.25,8.59375]
]

}