{"level": 1,
"ball_start": [5.156246,12.1875],
"ball_goal": [28.225164,15.007822],
"walls": [
[0.0, 0.0, 32.0, 0.0, 32.0, 18.0, 0.0, 18.0, 0.0, 17.0, 31.0, 17.0, 31.0, 1.0, 1.0, 1.0, 1.0, 17.0, 0.0, 17.0],
[7.1875, 17.28125, 7.1875, 15.875, 8.40625, 15.875, 8.40625, 17.28125, 7.1875, 17.28125],
[12.40625, 17.1875, 12.40625, 13.03125, 13.78125, 13.03125, 13.78125, 17.1875, 12.40625, 17.1875],
[12.4375, 10.375, 13.90625, 10.375, 13.90625, 6.125, 12.4375, 6.125, 12.4375, 10.375],
[17.3125, 17.25, 17.3125, 10.9375, 19.25, 10.9375, 19.25, 17.25, 17.3125, 17.25],
[7.21875, 12.875, 8.5, 12.875, 8.5, 3.21875, 7.21875, 3.21875, 7.21875, 12.875],
[7.25, 10.59375, 3.46875, 10.59375, 3.46875, 9.3125, 7.25, 9.3125, 7.25, 10.59375],
[1.0, 6.625, 5.0625, 6.625, 5.0625, 5.0, 1.0, 5.0, 1.0, 6.53125],
[17.375, 8.5, 19.3125, 8.5, 19.3125, 2.8125, 17.375, 2.8125, 17.375, 8.5],
[22.84375, 17.21875, 22.84375, 7.3125, 24.9375, 7.3125, 24.9375, 17.21875, 22.84375, 17.21875]
],
"guard_positions": [
[10.4375,3.03125],
[15.53125,16.0],
[21.1875,2.75],
[28.75,4.90625]
],
"guard_patrols": [
[10.4375, 3.03125, 10.4375, 16.25],
[15.8125, 16.25, 15.8125, 3.03125],
[20.8750, 3.03125, 20.8750, 16.25],
[28.5, 4.90625]
],
"alarms": [
[12.404573,11.8]
]

}