{"level": 1,
"ball_start": [1.8126152,5.085158],
"ball_goal": [18.84375,2.125],
"walls": [
[0.0, 0.0, 32.0, 0.0, 32.0, 18.0, 0.0, 18.0, 0.0, 17.0, 31.0, 17.0, 31.0, 1.0, 1.0, 1.0, 1.0, 17.0, 0.0, 17.0],
[0.0, 3.35, 17.0, 3.35, 17.0, 0.0, 0.0, 0.0],
[20.34375, 0.0, 20.34375, 3.35, 31.25, 3.35, 31.25, 0.0],
[23.28125, 7.15625, 23.28125, 14.40625, 20.3125, 14.40625, 20.3125, 8.9375, 9.34375, 8.9375, 9.34375, 7.15625],
[17.84375, 11.9375, 17.84375, 14.5625, 11.375, 14.5625, 11.375, 11.9375],
[23.28125, 12.0, 26.5, 14.46875, 27.0, 13.71875, 23.28125, 11.0],
[31.0, 5.15625, 26.9375, 9.34375, 27.65625, 10.21875, 31.0, 6.46875],
[24.90625, 6.9375, 26.96875, 6.9375, 26.96875, 5.1875, 24.90625, 5.1875]
],
"guard_positions": [
[22.3125,5.1875],
[19.28125,10.9375]
],
"guard_patrols": [
[22.3125, 5.1875, 11.78125, 5.03125, 22.28125, 5.125],
[19.21875, 12.375]
],
"alarms": [
[9.437173,15.281248]
]

}