{"level": 1,
    "par": 2,
"ball_start": [8.125,2.03125],
"ball_goal": [14.511207,16.191814],
"walls": [
    [0.0, 0.0, 32.0, 0.0, 32.0, 18.0, 0.0, 18.0, 0.0, 17.0, 31.0, 17.0, 31.0, 1.0, 1.0, 1.0, 1.0, 17.0, 0.0, 17.0],
[5.9375, 0.0, 5.9375, 5.65625, 0.0, 5.65625, 0.0, 0.0],
[1.0, 8.46875, 5.90625, 8.46875, 5.90625, 11.4375, 1.0, 11.4375],
[10.0625, 0.0, 10.0625, 5.59375, 12.78125, 5.59375, 12.78125, 0.0],
[1.0, 14.15625, 5.90625, 14.15625, 5.90625, 24.40625, 1.0, 24.40625],
[9.375, 8.5, 18.0, 8.5, 18.0, 11.40625, 9.375, 11.40625],

[10.09375, 5.59375, 9.28125, 5.59375, 9.28125, 0.0, 11.75, 0.0, 10.9375, 5.59375],
[9.375, 15.34375, 17.84375, 15.34375, 17.84375, 17.9375, 31.6875, 18.0, 31.71875, 0.0, 12.71875, 0.0, 12.71875, 14.4375, 9.375, 14.4375]
],
"guard_positions": [
[6.96875,7.15625],
[4.5,13.1875]
],
"guard_patrols": [
[6.96875, 7.15625, 11.75, 7.21875, 2.125, 7.25],
[4.5, 13.1875, 11.75, 13.15625, 2.46875, 13.125]
],
"alarms": [
]

}
