{"level": 1,
  "ball_start": [13.15625,2.5],
  "ball_goal": [12.5,16.0],
  "walls": [
    [0.0, 0.0, 32.0, 0.0, 32.0, 18.0, 0.0, 18.0, 0.0, 17.0, 31.0, 17.0, 31.0, 1.0, 1.0, 1.0, 1.0, 17.0, 0.0, 17.0],
    [11.4375, 0.0, 11.4375, 4.65625, 8.0625, 4.65625, 8.0625, 7.09375, 11.4375, 7.09375, 11.4375, 17.25, 0.0, 17.28125, 0.0, 0.0],
    [14.78125, 0.0, 14.78125, 4.625, 20.09375, 4.625, 20.09375, 14.6875, 13.375, 14.6875, 13.375, 17.46875, 31.34375, 17.4375, 31.65625, 0.0],
    [14.6875, 7.0625, 14.6875, 12.15625, 17.25, 12.15625, 17.25, 7.0625, 14.6875, 7.0625],
    [15.4375, 15.0, 15.4375, 13.84375, 16.5625, 13.84375, 16.5625, 15.34375]
  ],
  "guard_positions": [
    [12.0,15.0]
  ],
  "guard_patrols": [
    [12.0, 14.9]
  ],
  "alarms": [
    [9.08125,6.2625]
  ]

}