{"level": 1,
    "par": 1,
"ball_start": [1.75,2.40625],
"ball_goal": [2.46875,15.6875],
"walls": [
[0.0, 0.0, 32.0, 0.0, 32.0, 18.0, 0.0, 18.0, 0.0, 17.0, 31.0, 17.0, 31.0, 1.0, 1.0, 1.0, 1.0, 17.0, 0.0, 17.0],
[0.0, 0.0, 32.0, 0.0, 32.0, 18.0, 0.0, 18.0, 0.0, 17.0, 31.0, 17.0, 31.0, 1.0, 1.0, 1.0, 1.0, 17.0, 0.0, 17.0],
[1.40625, 9.96875, 1.40625, 9.34375, 22.46875, 9.34375, 22.46875, 9.96875]
],
"guard_positions": [
[24.6875,15.84375]
],
"guard_patrols": [
[24.6875, 15.84375, 24.65625, 2.40625]
],
"alarms": [
]

}
