{"level": 1,
"ball_start": [14.343638,12.370268],
"ball_goal": [28.961891,14.900743],
"walls": [

[0.0, 0.0, 32.0, 0.0, 32.0, 18.0, 0.0, 18.0, 0.0, 17.0, 31.0, 17.0, 31.0, 1.0, 1.0, 1.0, 1.0, 17.0, 0.0, 17.0],
  [19.0, 12.95625, 19.0, 10.09375, 22.65625, 10.09375, 19.0, 12.91875],
[10.8125, 12.75, 12.46875, 12.75, 12.46875, 10.09375, 15.15625, 10.09375, 16.15625, 18.0, 17.9375, 18.0,17.9375, 16.0, 16.5, 10.09375, 17.9375, 10.09375, 17.9375, 7.875, 10.8125, 7.875, 10.8125, 12.75],
[1.0, 13.46875, 2.78125, 11.875, 1.0, 10.09375, 1.0, 13.40625],
[1.0, 4.375, 5.46875, 0.0, 1.0, 0.0, 1.0, 4.25],
[11.09375, 4.46875, 11.09375, 3.28125, 17.875, 3.28125, 17.875, 0.0, 19.5625, 0.0, 19.5625, 4.46875, 11.09375, 4.46875],
[17.875, 10.09375, 17.875, 7.875, 23.375, 7.875, 23.375, 3.9375, 26.0625, 3.9375, 26.0625, 10.09375, 17.875, 10.09375],
[27.90625, 2.8125, 27.90625, 6.28125, 29.28125, 6.28125, 29.28125, 2.8125, 27.90625, 2.8125],
[26.0625, 10.09375, 29.0, 10.09375, 29.0, 8.875, 26.0625, 8.875, 26.0625, 10.09375],
[31.0, 13.5625, 26.4375, 13.5625, 25.4375, 13.5625, 22.21875, 13.4375, 25.375, 12.03125, 26.375, 12.84375, 31.0, 12.84375, 31.0, 13.5625],
[17.9375, 15.875, 21.09375, 15.0, 21.09375, 17.0, 17.9375, 17.0, 17.9375, 15.75],
[22.9375, 15.5, 22.9375, 15.125, 25.75, 15.5, 22.9375, 15.5],

[4.46875, 8.0, 6.40625, 10.09375, 6.40625, 14.0, 3.5, 17.0, 8.15625, 17.0, 8.15625, 4.5, 4.46875, 4.5],


],
"guard_positions": [
[16.96875,6.28125]
],
"guard_patrols": [
[16.86875, 6.28125]
],
"alarms": [
[2.1562498,14.093749]
]

}