{"level": 9,
"par": 3,
"ball_start": [29.78125,10.59375],
"ball_goal": [12.53125,14.9375],
"walls": [
[0.0, 0.0, 32.0, 0.0, 32.0, 18.0, 0.0, 18.0, 0.0, 17.0, 31.0, 17.0, 31.0, 1.0, 1.0, 1.0, 1.0, 17.0, 0.0, 17.0],
[9.65625, 0.75, 9.65625, 17.0625, 9.65625, 0.84375, 0.8125, 0.75, 0.8125, 17.3125],
[3.5, 11.5, 3.5, 17.21875, 0.75, 17.21875, 0.75, 11.5],
[3.21875, 14.625, 5.1875, 17.875, 3.21875, 17.875],
[3.65625, 16.03125, 6.8125, 17.25, 3.65625, 17.25],
[31.09375, 13.40625, 6.9375, 13.40625, 6.9375, 12.78125, 11.25, 4.25, 12.4375, 4.25, 12.4375, 11.8125, 31.09375, 11.8125],
[28.53125, 12.15625, 28.53125, 3.75, 27.8125, 3.75, 27.8125, 12.15625],
[31.03125, 3.21875, 28.8125, 0.71875, 31.03125, 0.71875],
[14.8125, 13.1875, 14.8125, 17.09375, 31.3125, 17.09375, 31.3125, 13.1875, 14.8125, 13.1875],
[27.3125, 1.0, 24.625, 3.90625, 24.0, 3.90625, 24.0, 1.0],
[27.875, 5.96875, 25.75, 12.875, 27.875, 12.875],
[27.4375, 10.4375, 24.375, 11.90625, 27.4375, 11.90625],
[17.125, 9.15625, 17.125, 4.40625, 17.46875, 4.40625, 17.46875, 9.15625],
[18.78125, 9.15625, 19.28125, 9.15625, 19.28125, 4.40625, 18.78125, 4.40625],
[12.1875, 9.96875, 14.46875, 11.96875, 12.1875, 11.96875],
[22.96875, 0.875, 24.34375, 2.1875, 24.34375, 0.875]
],
"guard_positions": [
[15.84375,2.78125],
[20.375,9.875]
],
"guard_patrols": [
[15.84375, 2.78125, 15.78125, 10.90625],
[20.375, 9.875, 20.3125, 2.28125]
],
"alarms": [
],
"doors": [
],
"buttons": [
]

}